,Conta
0,
1,
2,
3,
4,
5,
6,
7,
8,
9,
10,
11,
12,
13,
14,
15,
16,
17,
18,
19,
20,
21,
22,
23,
24,
25,
26,
27,
28,
29,
30,
31,
32,
33,
34,
35,
36,
37,
38,
39,
40,
41,
42,
43,
44,
45,
46,
47,
48,
49,
50,
51,
52,
53,
54,
55,
56,
57,
58,
59,
60,
61,
62,
63,
64,
65,
66,
67,
68,
69,
70,
71,
72,
73,
74,
75,
76,
77,
78,
79,
80,
81,
82,
83,
84,
85,
86,
87,
88,
89,
90,
91,
92,
93,
94,
95,
96,
97,
98,
99,
100,
101,
102,
103,
104,
105,
106,
107,
108,
109,
110,
111,
112,
113,
114,
115,
116,
117,
118,
119,
120,
121,
122,
123,
124,
125,
126,
127,
128,
129,
130,
131,
132,
133,
134,
135,
136,
137,
138,
139,
140,
141,
142,
143,
144,
145,
146,
147,
148,
149,
150,
151,
152,
153,
154,
155,
156,
157,
158,
159,
160,
161,
162,
163,
164,
165,
166,
167,
168,
169,
170,
171,
172,
173,
174,
175,
176,
177,
178,
179,
180,
181,
182,
183,
184,
185,
186,
187,
188,
189,
190,
191,
192,
193,
194,
195,
196,
197,
198,
199,
200,
201,
202,
203,
204,
205,
206,
207,
208,
209,
210,
211,
212,
213,
214,
215,
216,
217,
218,
219,
220,
221,
222,
223,
224,
225,
226,
227,
228,
229,
230,
231,
232,
233,
234,
235,
236,
237,
238,
239,
240,
241,
242,
243,
244,
245,
246,
247,
248,
249,
250,
251,
252,
253,
254,
255,
256,
257,
258,
259,
260,
261,
262,
263,
264,
265,
266,
267,
268,
269,
270,
271,
272,
273,
274,
275,
276,
277,
278,
279,
280,
281,
282,
283,
284,
285,
286,
287,
288,
289,
290,
291,
292,
293,
294,
295,REPASSE DA FUMCULT  REPASSE DA FUMCULT
296,REPASSE FINANCEIRO PARA A CÂMARA MUNICIP...  REPASSE FINANCEIRO PARA A CÂMARA MUNICIPAL
297,REPASSE FINANCEIRO PARA A FUMCULT  REPASSE FINANCEIRO PARA A FUMCULT
298,REPASSE FINANCEIRO PARA A PREVCON  REPASSE FINANCEIRO PARA A PREVCON
299,
300,
301,REPASSE FINANCEIRO PARA A CÂMARA MUNICIP...  REPASSE FINANCEIRO PARA A CÂMARA MUNICIPAL
302,REPASSE FINANCEIRO PARA A FUMCULT  REPASSE FINANCEIRO PARA A FUMCULT
303,REPASSE FINANCEIRO PARA A PREVCON  REPASSE FINANCEIRO PARA A PREVCON
304,
305,
306,REPASSE FINANCEIRO PARA A CÂMARA MUNICIP...  REPASSE FINANCEIRO PARA A CÂMARA MUNICIPAL
307,REPASSE FINANCEIRO PARA A FUMCULT  REPASSE FINANCEIRO PARA A FUMCULT
308,REPASSE FINANCEIRO PARA A PREVCON  REPASSE FINANCEIRO PARA A PREVCON
309,
310,
311,REPASSE FINANCEIRO PARA A CÂMARA MUNICIP...  REPASSE FINANCEIRO PARA A CÂMARA MUNICIPAL
312,REPASSE FINANCEIRO PARA A FUMCULT  REPASSE FINANCEIRO PARA A FUMCULT
313,REPASSE FINANCEIRO PARA A PREVCON  REPASSE FINANCEIRO PARA A PREVCON
314,
315,
316,REPASSE FINANCEIRO PARA A CÂMARA MUNICIP...  REPASSE FINANCEIRO PARA A CÂMARA MUNICIPAL
317,REPASSE FINANCEIRO PARA A FUMCULT  REPASSE FINANCEIRO PARA A FUMCULT
318,REPASSE FINANCEIRO PARA A PREVCON  REPASSE FINANCEIRO PARA A PREVCON
319,
320,
321,
322,
323,
324,
325,
326,
327,
328,
329,
330,
331,
332,
333,
334,
335,DEVOLUÇÃO DE REPASSES FINANCEIROS DA CÂM...  DEVOLUÇÃO DE REPASSES FINANCEIROS DA CÂMARA
336,REPASSE FINANCEIRO PARA A CÂMARA MUNICIP...  REPASSE FINANCEIRO PARA A CÂMARA MUNICIPAL
337,REPASSE FINANCEIRO PARA A FUMCULT  REPASSE FINANCEIRO PARA A FUMCULT
338,REPASSE FINANCEIRO PARA A PREVCON  REPASSE FINANCEIRO PARA A PREVCON
339,
340,
341,REPASSE FINANCEIRO PARA A CÂMARA MUNICIP...  REPASSE FINANCEIRO PARA A CÂMARA MUNICIPAL
342,REPASSE FINANCEIRO PARA A FUMCULT  REPASSE FINANCEIRO PARA A FUMCULT
343,REPASSE FINANCEIRO PARA A PREVCON  REPASSE FINANCEIRO PARA A PREVCON
344,
345,
346,REPASSE FINANCEIRO PARA A CÂMARA MUNICIP...  REPASSE FINANCEIRO PARA A CÂMARA MUNICIPAL
347,REPASSE FINANCEIRO PARA A FUMCULT  REPASSE FINANCEIRO PARA A FUMCULT
348,REPASSE FINANCEIRO PARA A PREVCON  REPASSE FINANCEIRO PARA A PREVCON
349,
350,
351,
352,
353,
354,
355,REPASSE FINANCEIRO PARA A CÂMARA MUNICIP...  REPASSE FINANCEIRO PARA A CÂMARA MUNICIPAL
356,REPASSE FINANCEIRO PARA A FUMCULT  REPASSE FINANCEIRO PARA A FUMCULT
357,REPASSE FINANCEIRO PARA A PREVCON  REPASSE FINANCEIRO PARA A PREVCON
358,
359,
360,REPASSE FINANCEIRO PARA A CÂMARA MUNICIP...  REPASSE FINANCEIRO PARA A CÂMARA MUNICIPAL
361,REPASSE FINANCEIRO PARA A FUMCULT  REPASSE FINANCEIRO PARA A FUMCULT
362,REPASSE FINANCEIRO PARA A PREVCON  REPASSE FINANCEIRO PARA A PREVCON
363,
364,
365,REPASSE FINANCEIRO PARA A CÂMARA MUNICIP...  REPASSE FINANCEIRO PARA A CÂMARA MUNICIPAL
366,REPASSE FINANCEIRO PARA A FUMCULT  REPASSE FINANCEIRO PARA A FUMCULT
367,REPASSE FINANCEIRO PARA A PREVCON  REPASSE FINANCEIRO PARA A PREVCON
368,
369,
370,REPASSE FINANCEIRO PARA A CÂMARA MUNICIP...  REPASSE FINANCEIRO PARA A CÂMARA MUNICIPAL
371,REPASSE FINANCEIRO PARA A FUMCULT  REPASSE FINANCEIRO PARA A FUMCULT
372,REPASSE FINANCEIRO PARA A PREVCON  REPASSE FINANCEIRO PARA A PREVCON
373,
374,
375,REPASSE FINANCEIRO PARA A CÂMARA MUNICIP...  REPASSE FINANCEIRO PARA A CÂMARA MUNICIPAL
376,REPASSE FINANCEIRO PARA A FUMCULT  REPASSE FINANCEIRO PARA A FUMCULT
377,REPASSE FINANCEIRO PARA A PREVCON  REPASSE FINANCEIRO PARA A PREVCON
378,
379,
380,REPASSE FINANCEIRO PARA A CÂMARA MUNICIP...  REPASSE FINANCEIRO PARA A CÂMARA MUNICIPAL
381,REPASSE FINANCEIRO PARA A FUMCULT  REPASSE FINANCEIRO PARA A FUMCULT
382,REPASSE FINANCEIRO PARA A PREVCON  REPASSE FINANCEIRO PARA A PREVCON
383,
384,
385,REPASSE FINANCEIRO PARA A CÂMARA MUNICIP...  REPASSE FINANCEIRO PARA A CÂMARA MUNICIPAL
386,REPASSE FINANCEIRO PARA A FUMCULT  REPASSE FINANCEIRO PARA A FUMCULT
387,REPASSE FINANCEIRO PARA A PREVCON  REPASSE FINANCEIRO PARA A PREVCON
388,
389,
390,REPASSE FINANCEIRO PARA A CÂMARA MUNICIP...  REPASSE FINANCEIRO PARA A CÂMARA MUNICIPAL
391,REPASSE FINANCEIRO PARA A FUMCULT  REPASSE FINANCEIRO PARA A FUMCULT
392,REPASSE FINANCEIRO PARA A PREVCON  REPASSE FINANCEIRO PARA A PREVCON
393,
394,
395,REPASSE AO LEGISLATIVO  REPASSE AO LEGISLATIVO
396,REPASSE FUMCULT  REPASSE FUMCULT
397,REPASSE PREVCON INATIVOS/PENSIONISTAS  REPASSE PREVCON INATIVOS/PENSIONISTAS
398,
399,
400,REPASSE FINANCEIRO PARA A CÂMARA MUNICIP...  REPASSE FINANCEIRO PARA A CÂMARA MUNICIPAL
401,REPASSE FINANCEIRO PARA A FUMCULT  REPASSE FINANCEIRO PARA A FUMCULT
402,REPASSE FINANCEIRO PARA A PREVCON  REPASSE FINANCEIRO PARA A PREVCON
403,
404,
405,REPASSE AO LEGISLATIVO  REPASSE AO LEGISLATIVO
406,REPASSE FUMCULT  REPASSE FUMCULT
407,REPASSE PREVCON INATIVOS/PENSIONISTAS  REPASSE PREVCON INATIVOS/PENSIONISTAS
408,
409,
410,REPASSE FINANCEIRO PARA A CÂMARA MUNICIP...  REPASSE FINANCEIRO PARA A CÂMARA MUNICIPAL
411,REPASSE FINANCEIRO PARA A FUMCULT  REPASSE FINANCEIRO PARA A FUMCULT
412,REPASSE FINANCEIRO PARA A PREVCON  REPASSE FINANCEIRO PARA A PREVCON
413,
414,
415,REPASSE FINANCEIRO PARA A CÂMARA MUNICIP...  REPASSE FINANCEIRO PARA A CÂMARA MUNICIPAL
416,REPASSE FINANCEIRO PARA A FUMCULT  REPASSE FINANCEIRO PARA A FUMCULT
417,REPASSE FINANCEIRO PARA A PREVCON  REPASSE FINANCEIRO PARA A PREVCON
418,
419,
420,REPASSE FINANCEIRO PARA A CÂMARA MUNICIP...  REPASSE FINANCEIRO PARA A CÂMARA MUNICIPAL
421,REPASSE FINANCEIRO PARA A FUMCULT  REPASSE FINANCEIRO PARA A FUMCULT
422,REPASSE FINANCEIRO PARA A PREVCON  REPASSE FINANCEIRO PARA A PREVCON
423,
424,
425,REPASSE AO LEGISLATIVO  REPASSE AO LEGISLATIVO
426,REPASSE FUMCULT  REPASSE FUMCULT
427,REPASSE PREVCON INATIVOS/PENSIONISTAS  REPASSE PREVCON INATIVOS/PENSIONISTAS
428,
429,
430,REPASSE FINANCEIRO PARA A CÂMARA MUNICIP...  REPASSE FINANCEIRO PARA A CÂMARA MUNICIPAL
431,REPASSE FINANCEIRO PARA A FUMCULT  REPASSE FINANCEIRO PARA A FUMCULT
432,REPASSE FINANCEIRO PARA A PREVCON  REPASSE FINANCEIRO PARA A PREVCON
433,
434,
435,REPASSE AO LEGISLATIVO  REPASSE AO LEGISLATIVO
436,REPASSE FUMCULT  REPASSE FUMCULT
437,REPASSE PREVCON INATIVOS/PENSIONISTAS  REPASSE PREVCON INATIVOS/PENSIONISTAS
438,
439,
440,REPASSE FINANCEIRO PARA A CÂMARA MUNICIP...  REPASSE FINANCEIRO PARA A CÂMARA MUNICIPAL
441,REPASSE FINANCEIRO PARA A FUMCULT  REPASSE FINANCEIRO PARA A FUMCULT
442,REPASSE FINANCEIRO PARA A PREVCON  REPASSE FINANCEIRO PARA A PREVCON
443,
444,
445,REPASSE FINANCEIRO PARA A CÂMARA MUNICIP...  REPASSE FINANCEIRO PARA A CÂMARA MUNICIPAL
446,REPASSE FINANCEIRO PARA A FUMCULT  REPASSE FINANCEIRO PARA A FUMCULT
447,REPASSE FINANCEIRO PARA A PREVCON  REPASSE FINANCEIRO PARA A PREVCON
448,
449,
450,REPASSE AO LEGISLATIVO  REPASSE AO LEGISLATIVO
451,REPASSE PREVCON INATIVOS/PENSIONISTAS  REPASSE PREVCON INATIVOS/PENSIONISTAS
452,
453,
454,REPASSE FINANCEIRO PARA A CÂMARA MUNICIP...  REPASSE FINANCEIRO PARA A CÂMARA MUNICIPAL
455,REPASSE FINANCEIRO PARA A FUMCULT  REPASSE FINANCEIRO PARA A FUMCULT
456,REPASSE FINANCEIRO PARA A PREVCON  REPASSE FINANCEIRO PARA A PREVCON
457,
458,
459,REPASSE AO LEGISLATIVO  REPASSE AO LEGISLATIVO
460,REPASSE FUMCULT  REPASSE FUMCULT
461,REPASSE PREVCON INATIVOS/PENSIONISTAS  REPASSE PREVCON INATIVOS/PENSIONISTAS
462,
463,
464,REPASSE FINANCEIRO PARA A CÂMARA MUNICIP...  REPASSE FINANCEIRO PARA A CÂMARA MUNICIPAL
465,REPASSE FINANCEIRO PARA A FUMCULT  REPASSE FINANCEIRO PARA A FUMCULT
466,REPASSE FINANCEIRO PARA A PREVCON  REPASSE FINANCEIRO PARA A PREVCON
467,
468,
469,REPASSE FINANCEIRO PARA A CÂMARA MUNICIP...  REPASSE FINANCEIRO PARA A CÂMARA MUNICIPAL
470,REPASSE FINANCEIRO PARA A FUMCULT  REPASSE FINANCEIRO PARA A FUMCULT
471,REPASSE FINANCEIRO PARA A PREVCON  REPASSE FINANCEIRO PARA A PREVCON
472,
473,
474,REPASSE FINANCEIRO PARA A CÂMARA MUNICIP...  REPASSE FINANCEIRO PARA A CÂMARA MUNICIPAL
475,REPASSE FINANCEIRO PARA A FUMCULT  REPASSE FINANCEIRO PARA A FUMCULT
476,REPASSE FINANCEIRO PARA A PREVCON  REPASSE FINANCEIRO PARA A PREVCON
477,
478,
479,REPASSE AO LEGISLATIVO  REPASSE AO LEGISLATIVO
480,REPASSE FUMCULT  REPASSE FUMCULT
481,REPASSE PREVCON INATIVOS/PENSIONISTAS  REPASSE PREVCON INATIVOS/PENSIONISTAS
482,
483,
484,REPASSE FINANCEIRO PARA A CÂMARA MUNICIP...  REPASSE FINANCEIRO PARA A CÂMARA MUNICIPAL
485,REPASSE FINANCEIRO PARA A FUMCULT  REPASSE FINANCEIRO PARA A FUMCULT
486,REPASSE FINANCEIRO PARA A PREVCON  REPASSE FINANCEIRO PARA A PREVCON
487,
488,
489,REPASSE AO LEGISLATIVO  REPASSE AO LEGISLATIVO
490,REPASSE PREVCON INATIVOS/PENSIONISTAS  REPASSE PREVCON INATIVOS/PENSIONISTAS
491,
492,
493,REPASSE FINANCEIRO PARA A CÂMARA MUNICIP...  REPASSE FINANCEIRO PARA A CÂMARA MUNICIPAL
494,REPASSE FINANCEIRO PARA A FUMCULT  REPASSE FINANCEIRO PARA A FUMCULT
495,REPASSE FINANCEIRO PARA A PREVCON  REPASSE FINANCEIRO PARA A PREVCON
496,
497,
498,REPASSE FINANCEIRO PARA A CÂMARA MUNICIP...  REPASSE FINANCEIRO PARA A CÂMARA MUNICIPAL
499,REPASSE FINANCEIRO PARA A FUMCULT  REPASSE FINANCEIRO PARA A FUMCULT
500,REPASSE FINANCEIRO PARA A PREVCON  REPASSE FINANCEIRO PARA A PREVCON
501,
502,
503,REPASSE FINANCEIRO PARA A CÂMARA MUNICIP...  REPASSE FINANCEIRO PARA A CÂMARA MUNICIPAL
504,REPASSE FINANCEIRO PARA A FUMCULT  REPASSE FINANCEIRO PARA A FUMCULT
505,REPASSE FINANCEIRO PARA A PREVCON  REPASSE FINANCEIRO PARA A PREVCON
506,
507,
508,REPASSE FINANCEIRO PARA A CÂMARA MUNICIP...  REPASSE FINANCEIRO PARA A CÂMARA MUNICIPAL
509,REPASSE FINANCEIRO PARA A FUMCULT  REPASSE FINANCEIRO PARA A FUMCULT
510,REPASSE FINANCEIRO PARA A PREVCON  REPASSE FINANCEIRO PARA A PREVCON
511,
512,
513,REPASSE FINANCEIRO PARA A CÂMARA MUNICIP...  REPASSE FINANCEIRO PARA A CÂMARA MUNICIPAL
514,REPASSE FINANCEIRO PARA A FUMCULT  REPASSE FINANCEIRO PARA A FUMCULT
515,REPASSE FINANCEIRO PARA A PREVCON  REPASSE FINANCEIRO PARA A PREVCON
516,
517,
518,REPASSE AO LEGISLATIVO  REPASSE AO LEGISLATIVO
519,REPASSE FUMCULT  REPASSE FUMCULT
520,REPASSE PREVCON INATIVOS/PENSIONISTAS  REPASSE PREVCON INATIVOS/PENSIONISTAS
521,
522,
523,REPASSE FINANCEIRO PARA A CÂMARA MUNICIP...  REPASSE FINANCEIRO PARA A CÂMARA MUNICIPAL
524,REPASSE FINANCEIRO PARA A FUMCULT  REPASSE FINANCEIRO PARA A FUMCULT
525,REPASSE FINANCEIRO PARA A PREVCON  REPASSE FINANCEIRO PARA A PREVCON
526,
527,
528,REPASSE FINANCEIRO PARA A CÂMARA MUNICIP...  REPASSE FINANCEIRO PARA A CÂMARA MUNICIPAL
529,REPASSE FINANCEIRO PARA A FUMCULT  REPASSE FINANCEIRO PARA A FUMCULT
530,REPASSE FINANCEIRO PARA A PREVCON  REPASSE FINANCEIRO PARA A PREVCON
531,
532,
533,REPASSE FINANCEIRO PARA A CÂMARA MUNICIP...  REPASSE FINANCEIRO PARA A CÂMARA MUNICIPAL
534,REPASSE FINANCEIRO PARA A FUMCULT  REPASSE FINANCEIRO PARA A FUMCULT
535,REPASSE FINANCEIRO PARA A PREVCON  REPASSE FINANCEIRO PARA A PREVCON
536,
537,
538,REPASSE AO LEGISLATIVO  REPASSE AO LEGISLATIVO
539,REPASSE FUMCULT  REPASSE FUMCULT
540,REPASSE PREVCON INATIVOS/PENSIONISTAS  REPASSE PREVCON INATIVOS/PENSIONISTAS
541,
542,
543,REPASSE AO LEGISLATIVO  REPASSE AO LEGISLATIVO
544,REPASSE FUMCULT  REPASSE FUMCULT
545,REPASSE PREVCON INATIVOS/PENSIONISTAS  REPASSE PREVCON INATIVOS/PENSIONISTAS
546,
547,
548,REPASSE AO LEGISLATIVO  REPASSE AO LEGISLATIVO
549,REPASSE FUMCULT  REPASSE FUMCULT
550,REPASSE PREVCON INATIVOS/PENSIONISTAS  REPASSE PREVCON INATIVOS/PENSIONISTAS
551,
552,
553,REPASSE FINANCEIRO PARA A CÂMARA MUNICIP...  REPASSE FINANCEIRO PARA A CÂMARA MUNICIPAL
554,REPASSE FINANCEIRO PARA A FUMCULT  REPASSE FINANCEIRO PARA A FUMCULT
555,REPASSE FINANCEIRO PARA A PREVCON  REPASSE FINANCEIRO PARA A PREVCON
556,
557,
558,REPASSE AO LEGISLATIVO  REPASSE AO LEGISLATIVO
559,REPASSE FUMCULT  REPASSE FUMCULT
560,REPASSE PREVCON INATIVOS/PENSIONISTAS  REPASSE PREVCON INATIVOS/PENSIONISTAS
561,
562,
563,REPASSE AO LEGISLATIVO  REPASSE AO LEGISLATIVO
564,REPASSE FUMCULT  REPASSE FUMCULT
565,REPASSE PREVCON INATIVOS/PENSIONISTAS  REPASSE PREVCON INATIVOS/PENSIONISTAS
566,
567,
568,REPASSE FINANCEIRO PARA A CÂMARA MUNICIP...  REPASSE FINANCEIRO PARA A CÂMARA MUNICIPAL
569,REPASSE FINANCEIRO PARA A FUMCULT  REPASSE FINANCEIRO PARA A FUMCULT
570,REPASSE FINANCEIRO PARA A PREVCON  REPASSE FINANCEIRO PARA A PREVCON
571,
572,
573,REPASSE FINANCEIRO PARA A CÂMARA MUNICIP...  REPASSE FINANCEIRO PARA A CÂMARA MUNICIPAL
574,REPASSE FINANCEIRO PARA A FUMCULT  REPASSE FINANCEIRO PARA A FUMCULT
575,REPASSE FINANCEIRO PARA A PREVCON  REPASSE FINANCEIRO PARA A PREVCON
576,
577,
578,REPASSE FINANCEIRO PARA A CÂMARA MUNICIP...  REPASSE FINANCEIRO PARA A CÂMARA MUNICIPAL
579,REPASSE FINANCEIRO PARA A FUMCULT  REPASSE FINANCEIRO PARA A FUMCULT
580,REPASSE FINANCEIRO PARA A PREVCON  REPASSE FINANCEIRO PARA A PREVCON
581,
582,
583,REPASSE FINANCEIRO PARA A CÂMARA MUNICIP...  REPASSE FINANCEIRO PARA A CÂMARA MUNICIPAL
584,REPASSE FINANCEIRO PARA A FUMCULT  REPASSE FINANCEIRO PARA A FUMCULT
585,REPASSE FINANCEIRO PARA A PREVCON  REPASSE FINANCEIRO PARA A PREVCON
586,
587,
588,REPASSE FINANCEIRO PARA A CÂMARA MUNICIP...  REPASSE FINANCEIRO PARA A CÂMARA MUNICIPAL
589,REPASSE FINANCEIRO PARA A FUMCULT  REPASSE FINANCEIRO PARA A FUMCULT
590,REPASSE FINANCEIRO PARA A PREVCON  REPASSE FINANCEIRO PARA A PREVCON
591,
592,
593,REPASSE AO LEGISLATIVO  REPASSE AO LEGISLATIVO
594,REPASSE FUMCULT  REPASSE FUMCULT
595,REPASSE PREVCON INATIVOS/PENSIONISTAS  REPASSE PREVCON INATIVOS/PENSIONISTAS
596,
597,
598,REPASSE FINANCEIRO PARA A CÂMARA MUNICIP...  REPASSE FINANCEIRO PARA A CÂMARA MUNICIPAL
599,REPASSE FINANCEIRO PARA A FUMCULT  REPASSE FINANCEIRO PARA A FUMCULT
600,REPASSE FINANCEIRO PARA A PREVCON  REPASSE FINANCEIRO PARA A PREVCON
601,
602,
603,REPASSE FINANCEIRO PARA A CÂMARA MUNICIP...  REPASSE FINANCEIRO PARA A CÂMARA MUNICIPAL
604,REPASSE FINANCEIRO PARA A FUMCULT  REPASSE FINANCEIRO PARA A FUMCULT
605,REPASSE FINANCEIRO PARA A PREVCON  REPASSE FINANCEIRO PARA A PREVCON
606,
607,
608,REPASSE AO LEGISLATIVO  REPASSE AO LEGISLATIVO
609,REPASSE PREVCON INATIVOS/PENSIONISTAS  REPASSE PREVCON INATIVOS/PENSIONISTAS
610,
611,
612,REPASSE FINANCEIRO PARA A CÂMARA MUNICIP...  REPASSE FINANCEIRO PARA A CÂMARA MUNICIPAL
613,REPASSE FINANCEIRO PARA A FUMCULT  REPASSE FINANCEIRO PARA A FUMCULT
614,REPASSE FINANCEIRO PARA A PREVCON  REPASSE FINANCEIRO PARA A PREVCON
615,
616,
617,REPASSE FINANCEIRO PARA A CÂMARA MUNICIP...  REPASSE FINANCEIRO PARA A CÂMARA MUNICIPAL
618,REPASSE FINANCEIRO PARA A FUMCULT  REPASSE FINANCEIRO PARA A FUMCULT
619,REPASSE FINANCEIRO PARA A PREVCON  REPASSE FINANCEIRO PARA A PREVCON
620,
621,
622,REPASSE FINANCEIRO PARA A CÂMARA MUNICIP...  REPASSE FINANCEIRO PARA A CÂMARA MUNICIPAL
623,REPASSE FINANCEIRO PARA A FUMCULT  REPASSE FINANCEIRO PARA A FUMCULT
624,REPASSE FINANCEIRO PARA A PREVCON  REPASSE FINANCEIRO PARA A PREVCON
625,
626,
627,REPASSE FINANCEIRO PARA A CÂMARA MUNICIP...  REPASSE FINANCEIRO PARA A CÂMARA MUNICIPAL
628,REPASSE FINANCEIRO PARA A FUMCULT  REPASSE FINANCEIRO PARA A FUMCULT
629,REPASSE FINANCEIRO PARA A PREVCON  REPASSE FINANCEIRO PARA A PREVCON
630,
631,
632,REPASSE FINANCEIRO PARA A CÂMARA MUNICIP...  REPASSE FINANCEIRO PARA A CÂMARA MUNICIPAL
633,REPASSE FINANCEIRO PARA A FUMCULT  REPASSE FINANCEIRO PARA A FUMCULT
634,REPASSE FINANCEIRO PARA A PREVCON  REPASSE FINANCEIRO PARA A PREVCON
635,
636,
637,REPASSE FINANCEIRO PARA A CÂMARA MUNICIP...  REPASSE FINANCEIRO PARA A CÂMARA MUNICIPAL
638,REPASSE FINANCEIRO PARA A FUMCULT  REPASSE FINANCEIRO PARA A FUMCULT
639,REPASSE FINANCEIRO PARA A PREVCON  REPASSE FINANCEIRO PARA A PREVCON
640,
641,
642,REPASSE FINANCEIRO PARA A CÂMARA MUNICIP...  REPASSE FINANCEIRO PARA A CÂMARA MUNICIPAL
643,REPASSE FINANCEIRO PARA A FUMCULT  REPASSE FINANCEIRO PARA A FUMCULT
644,REPASSE FINANCEIRO PARA A PREVCON  REPASSE FINANCEIRO PARA A PREVCON
645,
646,
647,REPASSE FINANCEIRO PARA A CÂMARA MUNICIP...  REPASSE FINANCEIRO PARA A CÂMARA MUNICIPAL
648,REPASSE FINANCEIRO PARA A FUMCULT  REPASSE FINANCEIRO PARA A FUMCULT
649,REPASSE FINANCEIRO PARA A PREVCON  REPASSE FINANCEIRO PARA A PREVCON
650,
651,
652,REPASSE FINANCEIRO PARA A CÂMARA MUNICIP...  REPASSE FINANCEIRO PARA A CÂMARA MUNICIPAL
653,REPASSE FINANCEIRO PARA A FUMCULT  REPASSE FINANCEIRO PARA A FUMCULT
654,REPASSE FINANCEIRO PARA A PREVCON  REPASSE FINANCEIRO PARA A PREVCON
655,
656,
657,REPASSE FINANCEIRO PARA A CÂMARA MUNICIP...  REPASSE FINANCEIRO PARA A CÂMARA MUNICIPAL
658,REPASSE FINANCEIRO PARA A FUMCULT  REPASSE FINANCEIRO PARA A FUMCULT
659,REPASSE FINANCEIRO PARA A PREVCON  REPASSE FINANCEIRO PARA A PREVCON
660,
661,
662,REPASSE AO LEGISLATIVO  REPASSE AO LEGISLATIVO
663,REPASSE FUMCULT  REPASSE FUMCULT
664,REPASSE PREVCON INATIVOS/PENSIONISTAS  REPASSE PREVCON INATIVOS/PENSIONISTAS
665,
666,
667,REPASSE AO LEGISLATIVO  REPASSE AO LEGISLATIVO
668,REPASSE FUMCULT  REPASSE FUMCULT
669,REPASSE PREVCON INATIVOS/PENSIONISTAS  REPASSE PREVCON INATIVOS/PENSIONISTAS
670,
671,
672,REPASSE FINANCEIRO PARA A CÂMARA MUNICIP...  REPASSE FINANCEIRO PARA A CÂMARA MUNICIPAL
673,REPASSE FINANCEIRO PARA A FUMCULT  REPASSE FINANCEIRO PARA A FUMCULT
674,REPASSE FINANCEIRO PARA A PREVCON  REPASSE FINANCEIRO PARA A PREVCON
675,
676,
677,REPASSE AO LEGISLATIVO  REPASSE AO LEGISLATIVO
678,REPASSE FUMCULT  REPASSE FUMCULT
679,REPASSE PREVCON INATIVOS/PENSIONISTAS  REPASSE PREVCON INATIVOS/PENSIONISTAS
680,
681,
682,REPASSE FINANCEIRO PARA A CÂMARA MUNICIP...  REPASSE FINANCEIRO PARA A CÂMARA MUNICIPAL
683,REPASSE FINANCEIRO PARA A FUMCULT  REPASSE FINANCEIRO PARA A FUMCULT
684,REPASSE FINANCEIRO PARA A PREVCON  REPASSE FINANCEIRO PARA A PREVCON
685,
686,
687,REPASSE FINANCEIRO PARA A CÂMARA MUNICIP...  REPASSE FINANCEIRO PARA A CÂMARA MUNICIPAL
688,REPASSE FINANCEIRO PARA A FUMCULT  REPASSE FINANCEIRO PARA A FUMCULT
689,REPASSE FINANCEIRO PARA A PREVCON  REPASSE FINANCEIRO PARA A PREVCON
690,
691,
692,DEVOLUÇÃO DE REPASSES DA FUMCULT  DEVOLUÇÃO DE REPASSES DA FUMCULT
693,REPASSE AO LEGISLATIVO  REPASSE AO LEGISLATIVO
694,REPASSE PREVCON INATIVOS/PENSIONISTAS  REPASSE PREVCON INATIVOS/PENSIONISTAS
695,
696,
697,REPASSE AO LEGISLATIVO  REPASSE AO LEGISLATIVO
698,REPASSE FUMCULT  REPASSE FUMCULT
699,REPASSE PREVCON INATIVOS/PENSIONISTAS  REPASSE PREVCON INATIVOS/PENSIONISTAS
700,
701,
702,REPASSE FINANCEIRO PARA A CÂMARA MUNICIP...  REPASSE FINANCEIRO PARA A CÂMARA MUNICIPAL
703,REPASSE FINANCEIRO PARA A FUMCULT  REPASSE FINANCEIRO PARA A FUMCULT
704,REPASSE FINANCEIRO PARA A PREVCON  REPASSE FINANCEIRO PARA A PREVCON
705,
706,
707,REPASSE AO LEGISLATIVO  REPASSE AO LEGISLATIVO
708,
709,
710,REPASSE FINANCEIRO PARA A CÂMARA MUNICIP...  REPASSE FINANCEIRO PARA A CÂMARA MUNICIPAL
711,REPASSE FINANCEIRO PARA A FUMCULT  REPASSE FINANCEIRO PARA A FUMCULT
712,REPASSE FINANCEIRO PARA A PREVCON  REPASSE FINANCEIRO PARA A PREVCON
713,
714,
715,REPASSE AO LEGISLATIVO  REPASSE AO LEGISLATIVO
716,REPASSE FUMCULT  REPASSE FUMCULT
717,REPASSE PREVCON INATIVOS/PENSIONISTAS  REPASSE PREVCON INATIVOS/PENSIONISTAS
718,
719,
720,REPASSE FINANCEIRO PARA A CÂMARA MUNICIP...  REPASSE FINANCEIRO PARA A CÂMARA MUNICIPAL
721,REPASSE FINANCEIRO PARA A FUMCULT  REPASSE FINANCEIRO PARA A FUMCULT
722,REPASSE FINANCEIRO PARA A PREVCON  REPASSE FINANCEIRO PARA A PREVCON
723,
724,
725,REPASSE FINANCEIRO PARA A CÂMARA MUNICIP...  REPASSE FINANCEIRO PARA A CÂMARA MUNICIPAL
726,REPASSE FINANCEIRO PARA A FUMCULT  REPASSE FINANCEIRO PARA A FUMCULT
727,REPASSE FINANCEIRO PARA A PREVCON  REPASSE FINANCEIRO PARA A PREVCON
728,
729,
730,REPASSE FINANCEIRO PARA A CÂMARA MUNICIP...  REPASSE FINANCEIRO PARA A CÂMARA MUNICIPAL
731,REPASSE FINANCEIRO PARA A FUMCULT  REPASSE FINANCEIRO PARA A FUMCULT
732,REPASSE FINANCEIRO PARA A PREVCON  REPASSE FINANCEIRO PARA A PREVCON
733,
734,
735,REPASSE AO LEGISLATIVO  REPASSE AO LEGISLATIVO
736,REPASSE FUMCULT  REPASSE FUMCULT
737,REPASSE PREVCON INATIVOS/PENSIONISTAS  REPASSE PREVCON INATIVOS/PENSIONISTAS
738,
739,
740,REPASSE AO LEGISLATIVO  REPASSE AO LEGISLATIVO
741,REPASSE PREVCON INATIVOS/PENSIONISTAS  REPASSE PREVCON INATIVOS/PENSIONISTAS
742,
743,
744,REPASSE FINANCEIRO PARA A CÂMARA MUNICIP...  REPASSE FINANCEIRO PARA A CÂMARA MUNICIPAL
745,REPASSE FINANCEIRO PARA A FUMCULT  REPASSE FINANCEIRO PARA A FUMCULT
746,REPASSE FINANCEIRO PARA A PREVCON  REPASSE FINANCEIRO PARA A PREVCON
747,
748,
749,REPASSE FINANCEIRO PARA A CÂMARA MUNICIP...  REPASSE FINANCEIRO PARA A CÂMARA MUNICIPAL
750,REPASSE FINANCEIRO PARA A FUMCULT  REPASSE FINANCEIRO PARA A FUMCULT
751,
752,
753,REPASSE FINANCEIRO PARA A CÂMARA MUNICIP...  REPASSE FINANCEIRO PARA A CÂMARA MUNICIPAL
754,REPASSE FINANCEIRO PARA A FUMCULT  REPASSE FINANCEIRO PARA A FUMCULT
755,REPASSE FINANCEIRO PARA A PREVCON  REPASSE FINANCEIRO PARA A PREVCON
756,
757,
758,REPASSE FINANCEIRO PARA A CÂMARA MUNICIP...  REPASSE FINANCEIRO PARA A CÂMARA MUNICIPAL
759,REPASSE FINANCEIRO PARA A FUMCULT  REPASSE FINANCEIRO PARA A FUMCULT
760,REPASSE FINANCEIRO PARA A PREVCON  REPASSE FINANCEIRO PARA A PREVCON
761,
762,
763,REPASSE FINANCEIRO PARA A CÂMARA MUNICIP...  REPASSE FINANCEIRO PARA A CÂMARA MUNICIPAL
764,REPASSE FINANCEIRO PARA A FUMCULT  REPASSE FINANCEIRO PARA A FUMCULT
765,REPASSE FINANCEIRO PARA A PREVCON  REPASSE FINANCEIRO PARA A PREVCON
766,
767,
768,REPASSE AO LEGISLATIVO  REPASSE AO LEGISLATIVO
769,REPASSE FUMCULT  REPASSE FUMCULT
770,REPASSE PREVCON INATIVOS/PENSIONISTAS  REPASSE PREVCON INATIVOS/PENSIONISTAS
771,
772,
773,REPASSE FINANCEIRO PARA A CÂMARA MUNICIP...  REPASSE FINANCEIRO PARA A CÂMARA MUNICIPAL
774,REPASSE FINANCEIRO PARA A FUMCULT  REPASSE FINANCEIRO PARA A FUMCULT
775,REPASSE FINANCEIRO PARA A PREVCON  REPASSE FINANCEIRO PARA A PREVCON
776,
777,
778,REPASSE AO LEGISLATIVO  REPASSE AO LEGISLATIVO
779,REPASSE FUMCULT  REPASSE FUMCULT
780,REPASSE PREVCON INATIVOS/PENSIONISTAS  REPASSE PREVCON INATIVOS/PENSIONISTAS
781,
782,
783,REPASSE FINANCEIRO PARA A CÂMARA MUNICIP...  REPASSE FINANCEIRO PARA A CÂMARA MUNICIPAL
784,REPASSE FINANCEIRO PARA A FUMCULT  REPASSE FINANCEIRO PARA A FUMCULT
785,REPASSE FINANCEIRO PARA A PREVCON  REPASSE FINANCEIRO PARA A PREVCON
786,
787,
788,REPASSE FINANCEIRO PARA A CÂMARA MUNICIP...  REPASSE FINANCEIRO PARA A CÂMARA MUNICIPAL
789,REPASSE FINANCEIRO PARA A FUMCULT  REPASSE FINANCEIRO PARA A FUMCULT
790,REPASSE FINANCEIRO PARA A PREVCON  REPASSE FINANCEIRO PARA A PREVCON
791,
792,
793,REPASSE FINANCEIRO PARA A CÂMARA MUNICIP...  REPASSE FINANCEIRO PARA A CÂMARA MUNICIPAL
794,REPASSE FINANCEIRO PARA A FUMCULT  REPASSE FINANCEIRO PARA A FUMCULT
795,REPASSE FINANCEIRO PARA A PREVCON  REPASSE FINANCEIRO PARA A PREVCON
796,
797,
798,REPASSE FINANCEIRO PARA A CÂMARA MUNICIP...  REPASSE FINANCEIRO PARA A CÂMARA MUNICIPAL
799,REPASSE FINANCEIRO PARA A FUMCULT  REPASSE FINANCEIRO PARA A FUMCULT
800,REPASSE FINANCEIRO PARA A PREVCON  REPASSE FINANCEIRO PARA A PREVCON
801,
802,
803,REPASSE FINANCEIRO PARA A CÂMARA MUNICIP...  REPASSE FINANCEIRO PARA A CÂMARA MUNICIPAL
804,REPASSE FINANCEIRO PARA A FUMCULT  REPASSE FINANCEIRO PARA A FUMCULT
805,REPASSE FINANCEIRO PARA A PREVCON  REPASSE FINANCEIRO PARA A PREVCON
806,
807,
808,REPASSE FINANCEIRO PARA A CÂMARA MUNICIP...  REPASSE FINANCEIRO PARA A CÂMARA MUNICIPAL
809,REPASSE FINANCEIRO PARA A FUMCULT  REPASSE FINANCEIRO PARA A FUMCULT
810,REPASSE FINANCEIRO PARA A PREVCON  REPASSE FINANCEIRO PARA A PREVCON
811,
812,
813,REPASSE AO LEGISLATIVO  REPASSE AO LEGISLATIVO
814,REPASSE FUMCULT  REPASSE FUMCULT
815,REPASSE PREVCON INATIVOS/PENSIONISTAS  REPASSE PREVCON INATIVOS/PENSIONISTAS
816,
817,
818,REPASSE AO LEGISLATIVO  REPASSE AO LEGISLATIVO
819,REPASSE FUMCULT  REPASSE FUMCULT
820,REPASSE PREVCON INATIVOS/PENSIONISTAS  REPASSE PREVCON INATIVOS/PENSIONISTAS
821,
822,
823,REPASSE FINANCEIRO PARA A CÂMARA MUNICIP...  REPASSE FINANCEIRO PARA A CÂMARA MUNICIPAL
824,REPASSE FINANCEIRO PARA A FUMCULT  REPASSE FINANCEIRO PARA A FUMCULT
825,REPASSE FINANCEIRO PARA A PREVCON  REPASSE FINANCEIRO PARA A PREVCON
826,
827,
828,REPASSE FINANCEIRO PARA A CÂMARA MUNICIP...  REPASSE FINANCEIRO PARA A CÂMARA MUNICIPAL
829,REPASSE FINANCEIRO PARA A FUMCULT  REPASSE FINANCEIRO PARA A FUMCULT
830,REPASSE FINANCEIRO PARA A PREVCON  REPASSE FINANCEIRO PARA A PREVCON
831,
832,
833,REPASSE AO LEGISLATIVO  REPASSE AO LEGISLATIVO
834,REPASSE FUMCULT  REPASSE FUMCULT
835,REPASSE PREVCON INATIVOS/PENSIONISTAS  REPASSE PREVCON INATIVOS/PENSIONISTAS
836,
837,
838,REPASSE FINANCEIRO PARA A CÂMARA MUNICIP...  REPASSE FINANCEIRO PARA A CÂMARA MUNICIPAL
839,REPASSE FINANCEIRO PARA A FUMCULT  REPASSE FINANCEIRO PARA A FUMCULT
840,REPASSE FINANCEIRO PARA A PREVCON  REPASSE FINANCEIRO PARA A PREVCON
841,
842,
843,REPASSE FINANCEIRO PARA A CÂMARA MUNICIP...  REPASSE FINANCEIRO PARA A CÂMARA MUNICIPAL
844,REPASSE FINANCEIRO PARA A FUMCULT  REPASSE FINANCEIRO PARA A FUMCULT
845,REPASSE FINANCEIRO PARA A PREVCON  REPASSE FINANCEIRO PARA A PREVCON
846,
847,
848,REPASSE FINANCEIRO PARA A CÂMARA MUNICIP...  REPASSE FINANCEIRO PARA A CÂMARA MUNICIPAL
849,REPASSE FINANCEIRO PARA A FUMCULT  REPASSE FINANCEIRO PARA A FUMCULT
850,REPASSE FINANCEIRO PARA A PREVCON  REPASSE FINANCEIRO PARA A PREVCON
851,
852,
853,REPASSE FINANCEIRO PARA A CÂMARA MUNICIP...  REPASSE FINANCEIRO PARA A CÂMARA MUNICIPAL
854,REPASSE FINANCEIRO PARA A FUMCULT  REPASSE FINANCEIRO PARA A FUMCULT
855,REPASSE FINANCEIRO PARA A PREVCON  REPASSE FINANCEIRO PARA A PREVCON
856,
857,
858,REPASSE FINANCEIRO PARA A CÂMARA MUNICIP...  REPASSE FINANCEIRO PARA A CÂMARA MUNICIPAL
859,REPASSE FINANCEIRO PARA A FUMCULT  REPASSE FINANCEIRO PARA A FUMCULT
860,REPASSE FINANCEIRO PARA A PREVCON  REPASSE FINANCEIRO PARA A PREVCON
861,
862,
863,REPASSE AO LEGISLATIVO  REPASSE AO LEGISLATIVO
864,REPASSE FUMCULT  REPASSE FUMCULT
865,REPASSE PREVCON INATIVOS/PENSIONISTAS  REPASSE PREVCON INATIVOS/PENSIONISTAS
866,
867,
868,REPASSE AO LEGISLATIVO  REPASSE AO LEGISLATIVO
869,REPASSE FUMCULT  REPASSE FUMCULT
870,REPASSE PREVCON INATIVOS/PENSIONISTAS  REPASSE PREVCON INATIVOS/PENSIONISTAS
871,
872,
873,REPASSE FINANCEIRO PARA A CÂMARA MUNICIP...  REPASSE FINANCEIRO PARA A CÂMARA MUNICIPAL
874,REPASSE FINANCEIRO PARA A FUMCULT  REPASSE FINANCEIRO PARA A FUMCULT
875,REPASSE FINANCEIRO PARA A PREVCON  REPASSE FINANCEIRO PARA A PREVCON
876,
877,
878,REPASSE AO LEGISLATIVO  REPASSE AO LEGISLATIVO
879,REPASSE FUMCULT  REPASSE FUMCULT
880,REPASSE PREVCON INATIVOS/PENSIONISTAS  REPASSE PREVCON INATIVOS/PENSIONISTAS
881,
882,
883,REPASSE FINANCEIRO PARA A CÂMARA MUNICIP...  REPASSE FINANCEIRO PARA A CÂMARA MUNICIPAL
884,REPASSE FINANCEIRO PARA A FUMCULT  REPASSE FINANCEIRO PARA A FUMCULT
885,REPASSE FINANCEIRO PARA A PREVCON  REPASSE FINANCEIRO PARA A PREVCON
886,
887,
888,REPASSE AO LEGISLATIVO  REPASSE AO LEGISLATIVO
889,REPASSE PREVCON INATIVOS/PENSIONISTAS  REPASSE PREVCON INATIVOS/PENSIONISTAS
890,
891,
892,REPASSE FINANCEIRO PARA A CÂMARA MUNICIP...  REPASSE FINANCEIRO PARA A CÂMARA MUNICIPAL
893,REPASSE FINANCEIRO PARA A FUMCULT  REPASSE FINANCEIRO PARA A FUMCULT
894,REPASSE FINANCEIRO PARA A PREVCON  REPASSE FINANCEIRO PARA A PREVCON
895,
896,
897,REPASSE FINANCEIRO PARA A CÂMARA MUNICIP...  REPASSE FINANCEIRO PARA A CÂMARA MUNICIPAL
898,REPASSE FINANCEIRO PARA A FUMCULT  REPASSE FINANCEIRO PARA A FUMCULT
899,REPASSE FINANCEIRO PARA A PREVCON  REPASSE FINANCEIRO PARA A PREVCON
900,
901,
902,REPASSE FINANCEIRO PARA A CÂMARA MUNICIP...  REPASSE FINANCEIRO PARA A CÂMARA MUNICIPAL
903,REPASSE FINANCEIRO PARA A FUMCULT  REPASSE FINANCEIRO PARA A FUMCULT
904,REPASSE FINANCEIRO PARA A PREVCON  REPASSE FINANCEIRO PARA A PREVCON
905,
906,
907,REPASSE FINANCEIRO PARA A CÂMARA MUNICIP...  REPASSE FINANCEIRO PARA A CÂMARA MUNICIPAL
908,REPASSE FINANCEIRO PARA A FUMCULT  REPASSE FINANCEIRO PARA A FUMCULT
909,REPASSE FINANCEIRO PARA A PREVCON  REPASSE FINANCEIRO PARA A PREVCON
910,
911,
912,REPASSE AO LEGISLATIVO  REPASSE AO LEGISLATIVO
913,REPASSE FUMCULT  REPASSE FUMCULT
914,REPASSE PREVCON INATIVOS/PENSIONISTAS  REPASSE PREVCON INATIVOS/PENSIONISTAS
915,
916,
917,
918,
919,
920,
921,
922,
923,
924,DEVOLUÇÃO DE REPASSES FINANCEIROS DA CÂM...  DEVOLUÇÃO DE REPASSES FINANCEIROS DA CÂMARA
925,REPASSE FINANCEIRO PARA A CÂMARA MUNICIP...  REPASSE FINANCEIRO PARA A CÂMARA MUNICIPAL
926,REPASSE FINANCEIRO PARA A FUMCULT  REPASSE FINANCEIRO PARA A FUMCULT
927,REPASSE FINANCEIRO PARA A PREVCON  REPASSE FINANCEIRO PARA A PREVCON
928,
929,
930,DEVOLUÇÃO DE REPASSES FINANCEIROS DA CÂM...  DEVOLUÇÃO DE REPASSES FINANCEIROS DA CÂMARA
931,REPASSE FINANCEIRO PARA A CÂMARA MUNICIP...  REPASSE FINANCEIRO PARA A CÂMARA MUNICIPAL
932,REPASSE FINANCEIRO PARA A FUMCULT  REPASSE FINANCEIRO PARA A FUMCULT
933,REPASSE FINANCEIRO PARA A PREVCON  REPASSE FINANCEIRO PARA A PREVCON
934,
935,
936,DEVOLUÇÃO DE REPASSES FINANCEIROS DA CÂM...  DEVOLUÇÃO DE REPASSES FINANCEIROS DA CÂMARA
937,REPASSE FINANCEIRO PARA A CÂMARA MUNICIP...  REPASSE FINANCEIRO PARA A CÂMARA MUNICIPAL
938,REPASSE FINANCEIRO PARA A FUMCULT  REPASSE FINANCEIRO PARA A FUMCULT
939,REPASSE FINANCEIRO PARA A PREVCON  REPASSE FINANCEIRO PARA A PREVCON
940,
941,
942,REPASSE FINANCEIRO PARA A CÂMARA MUNICIP...  REPASSE FINANCEIRO PARA A CÂMARA MUNICIPAL
943,REPASSE FINANCEIRO PARA A FUMCULT  REPASSE FINANCEIRO PARA A FUMCULT
944,REPASSE FINANCEIRO PARA A PREVCON  REPASSE FINANCEIRO PARA A PREVCON
945,
946,
947,DEVOLUÇÃO DE REPASSES FINANCEIROS DA CÂM...  DEVOLUÇÃO DE REPASSES FINANCEIROS DA CÂMARA
948,REPASSE FINANCEIRO PARA A CÂMARA MUNICIP...  REPASSE FINANCEIRO PARA A CÂMARA MUNICIPAL
949,REPASSE FINANCEIRO PARA A FUMCULT  REPASSE FINANCEIRO PARA A FUMCULT
950,REPASSE FINANCEIRO PARA A PREVCON  REPASSE FINANCEIRO PARA A PREVCON
951,
952,
953,DEVOLUÇÃO DE REPASSES FINANCEIROS DA CÂM...  DEVOLUÇÃO DE REPASSES FINANCEIROS DA CÂMARA
954,REPASSE FINANCEIRO PARA A CÂMARA MUNICIP...  REPASSE FINANCEIRO PARA A CÂMARA MUNICIPAL
955,REPASSE FINANCEIRO PARA A FUMCULT  REPASSE FINANCEIRO PARA A FUMCULT
956,REPASSE FINANCEIRO PARA A PREVCON  REPASSE FINANCEIRO PARA A PREVCON
957,
958,
959,DEVOLUÇÃO DE REPASSES FINANCEIROS DA CÂM...  DEVOLUÇÃO DE REPASSES FINANCEIROS DA CÂMARA
960,DEVOLUÇÃO PREVCON  DEVOLUÇÃO PREVCON
961,REPASSE FINANCEIRO PARA A CÂMARA MUNICIP...  REPASSE FINANCEIRO PARA A CÂMARA MUNICIPAL
962,REPASSE FINANCEIRO PARA A FUMCULT  REPASSE FINANCEIRO PARA A FUMCULT
963,REPASSE FINANCEIRO PARA A PREVCON  REPASSE FINANCEIRO PARA A PREVCON
964,
965,
966,DEVOLUÇÃO DE REPASSES FINANCEIROS DA CÂM...  DEVOLUÇÃO DE REPASSES FINANCEIROS DA CÂMARA
967,REPASSE FINANCEIRO PARA A CÂMARA MUNICIP...  REPASSE FINANCEIRO PARA A CÂMARA MUNICIPAL
968,REPASSE FINANCEIRO PARA A FUMCULT  REPASSE FINANCEIRO PARA A FUMCULT
969,REPASSE FINANCEIRO PARA A PREVCON  REPASSE FINANCEIRO PARA A PREVCON
970,
971,
972,REPASSE FINANCEIRO PARA A CÂMARA MUNICIP...  REPASSE FINANCEIRO PARA A CÂMARA MUNICIPAL
973,REPASSE FINANCEIRO PARA A FUMCULT  REPASSE FINANCEIRO PARA A FUMCULT
974,REPASSE FINANCEIRO PARA A PREVCON  REPASSE FINANCEIRO PARA A PREVCON
975,
976,
977,DEVOLUÇÃO DE REPASSES FINANCEIROS DA CÂM...  DEVOLUÇÃO DE REPASSES FINANCEIROS DA CÂMARA
978,REPASSE FINANCEIRO PARA A CÂMARA MUNICIP...  REPASSE FINANCEIRO PARA A CÂMARA MUNICIPAL
979,REPASSE FINANCEIRO PARA A FUMCULT  REPASSE FINANCEIRO PARA A FUMCULT
980,REPASSE FINANCEIRO PARA A PREVCON  REPASSE FINANCEIRO PARA A PREVCON
981,
982,
983,DEVOLUÇÃO DE REPASSES FINANCEIROS DA CÂM...  DEVOLUÇÃO DE REPASSES FINANCEIROS DA CÂMARA
984,REPASSE FINANCEIRO PARA A CÂMARA MUNICIP...  REPASSE FINANCEIRO PARA A CÂMARA MUNICIPAL
985,REPASSE FINANCEIRO PARA A FUMCULT  REPASSE FINANCEIRO PARA A FUMCULT
986,REPASSE FINANCEIRO PARA A PREVCON  REPASSE FINANCEIRO PARA A PREVCON
987,
988,
989,REPASSE FINANCEIRO PARA A CÂMARA MUNICIP...  REPASSE FINANCEIRO PARA A CÂMARA MUNICIPAL
990,REPASSE FINANCEIRO PARA A FUMCULT  REPASSE FINANCEIRO PARA A FUMCULT
991,REPASSE FINANCEIRO PARA A PREVCON  REPASSE FINANCEIRO PARA A PREVCON
992,
993,
994,REPASSE FINANCEIRO PARA A CÂMARA MUNICIP...  REPASSE FINANCEIRO PARA A CÂMARA MUNICIPAL
995,REPASSE FINANCEIRO PARA A FUMCULT  REPASSE FINANCEIRO PARA A FUMCULT
996,REPASSE FINANCEIRO PARA A PREVCON  REPASSE FINANCEIRO PARA A PREVCON
997,
998,
999,REPASSE FINANCEIRO PARA A CÂMARA MUNICIP...  REPASSE FINANCEIRO PARA A CÂMARA MUNICIPAL
1000,REPASSE FINANCEIRO PARA A FUMCULT  REPASSE FINANCEIRO PARA A FUMCULT
1001,REPASSE FINANCEIRO PARA A PREVCON  REPASSE FINANCEIRO PARA A PREVCON
1002,
1003,
1004,REPASSE FINANCEIRO PARA A CÂMARA MUNICIP...  REPASSE FINANCEIRO PARA A CÂMARA MUNICIPAL
1005,REPASSE FINANCEIRO PARA A FUMCULT  REPASSE FINANCEIRO PARA A FUMCULT
1006,REPASSE FINANCEIRO PARA A PREVCON  REPASSE FINANCEIRO PARA A PREVCON
1007,
1008,
1009,
1010,
1011,
1012,
1013,
1014,REPASSE AO LEGISLATIVO  REPASSE AO LEGISLATIVO
1015,REPASSE PREVCON INATIVOS/PENSIONISTAS  REPASSE PREVCON INATIVOS/PENSIONISTAS
1016,
1017,
1018,REPASSE FINANCEIRO PARA A CÂMARA MUNICIP...  REPASSE FINANCEIRO PARA A CÂMARA MUNICIPAL
1019,REPASSE FINANCEIRO PARA A PREVCON  REPASSE FINANCEIRO PARA A PREVCON
1020,
1021,
1022,
1023,
1024,
1025,
1026,
1027,
